V9001;descricao.produto;cnae;pas;tru.cod;tru.desc;discrepancias;produto.intermediacao;produto.intermediacao.internacional;produto.intermediacao.49002;produto.intermediacao.50001;produto.intermediacao.51001;produto.intermediacao.55001;produto.intermediacao.56001;produto.intermediacao.90801;POF2009
4199901;AGREGADO;;;-1;-1;;;;;;;;;;Telecomunicações, TV por assinatura e outros serv. relacionados
4105901;TAXA ALFANDEGARIA;;;;;;;;;;;;;;#N/D
4101501;COMBUSTIVEL DE VEICULO;;;19912;Gasoálcool;;;;;;;;;;Gasoálcool
4101801;EXCURSAO (EXCETO ESCOLAR);79;Agências de viagens, operadores turísticos e outros serviços de turismo;78802;Outros serviços administrativos;1;;;;;;;;;Outros serviços administrativos
4102701;PACOTE TURISTICO NACIONAL (TRANSPORTE, HOSPEDAGEM, ALIMENTACAO E DIVERSAO);79;Agências de viagens, operadores turísticos e outros serviços de turismo;78802;Outros serviços administrativos;1;1;;1;1;1;1;1;1;#N/D
4102801;PACOTE TURISTICO NACIONAL (TRANSPORTE, HOSPEDAGEM E ALIMENTACAO);79;Agências de viagens, operadores turísticos e outros serviços de turismo;78802;Outros serviços administrativos;1;1;;1;1;1;1;1;;#N/D
4102901;PACOTE TURISTICO NACIONAL (TRANSPORTE, HOSPEDAGEM E DIVERSAO);79;Agências de viagens, operadores turísticos e outros serviços de turismo;78802;Outros serviços administrativos;1;1;;1;1;1;1;;1;#N/D
4103001;PACOTE TURISTICO NACIONAL (TRANSPORTE E HOSPEDAGEM);79;Agências de viagens, operadores turísticos e outros serviços de turismo;78802;Outros serviços administrativos;1;1;;1;1;1;1;;;#N/D
4103101;PACOTE TURISTICO NACIONAL (HOSPEDAGEM, ALIMENTACAO E DIVERSAO);79;Agências de viagens, operadores turísticos e outros serviços de turismo;78802;Outros serviços administrativos;1;1;;;;;1;1;1;#N/D
4103201;PACOTE TURISTICO NACIONAL (HOSPEDAGEM E ALIMENTACAO);79;Agências de viagens, operadores turísticos e outros serviços de turismo;78802;Outros serviços administrativos;1;1;;;;;1;1;;#N/D
4103301;PACOTE TURISTICO NACIONAL (HOSPEDAGEM E DIVERSAO);79;Agências de viagens, operadores turísticos e outros serviços de turismo;78802;Outros serviços administrativos;1;1;;;;;1;;1;#N/D
4103401;PACOTE TURISTICO INTERNACIONAL (TRANSPORTE, HOSPEDAGEM, ALIMENTACAO E DIVERSAO);79;Agências de viagens, operadores turísticos e outros serviços de turismo;78802;Outros serviços administrativos;1;1;1;;;;;;;#N/D
4103501;PACOTE TURISTICO INTERNACIONAL (TRANSPORTE, HOSPEDAGEM E ALIMENTACAO);79;Agências de viagens, operadores turísticos e outros serviços de turismo;78802;Outros serviços administrativos;1;1;1;;;;;;;#N/D
4103601;PACOTE TURISTICO INTERNACIONAL (TRANSPORTE, HOSPEDAGEM E DIVERSAO);79;Agências de viagens, operadores turísticos e outros serviços de turismo;78802;Outros serviços administrativos;1;1;1;;;;;;;#N/D
4103701;PACOTE TURISTICO INTERNACIONAL (TRANSPORTE E HOSPEDAGEM);79;Agências de viagens, operadores turísticos e outros serviços de turismo;78802;Outros serviços administrativos;1;1;1;;;;;;;#N/D
4103801;PACOTE TURISTICO INTERNACIONAL (HOSPEDAGEM, ALIMENTACAO E DIVERSAO);79;Agências de viagens, operadores turísticos e outros serviços de turismo;78802;Outros serviços administrativos;1;1;1;;;;;;;#N/D
4103901;PACOTE TURISTICO INTERNACIONAL (HOSPEDAGEM E ALIMENTACAO);79;Agências de viagens, operadores turísticos e outros serviços de turismo;78802;Outros serviços administrativos;1;1;1;;;;;;;#N/D
4104001;PACOTE TURISTICO INTERNACIONAL (HOSPEDAGEM E DIVERSAO);79;Agências de viagens, operadores turísticos e outros serviços de turismo;78802;Outros serviços administrativos;1;1;1;;;;;;;#N/D
4104101;PACOTE TURISTICO NACIONAL;79;Agências de viagens, operadores turísticos e outros serviços de turismo;78802;Outros serviços administrativos;1;1;;1;1;1;1;1;1;#N/D
4104201;PACOTE TURISTICO INTERNACIONAL;79;Agências de viagens, operadores turísticos e outros serviços de turismo;78802;Outros serviços administrativos;1;1;1;;;;;;;#N/D
4104301;DESPESAS OPCIONAIS COM AGENCIAS DE VIAGEM;79;Agências de viagens, operadores turísticos e outros serviços de turismo;78802;Outros serviços administrativos;1;;;;;;;;;Outros serviços administrativos
4106201;GUIA TURISTICO;79;Agências de viagens, operadores turísticos e outros serviços de turismo;78802;Outros serviços administrativos;1;;;;;;;;;Outros serviços administrativos
4106701;PASSEIO TURISTICO;79;Agências de viagens, operadores turísticos e outros serviços de turismo;78802;Outros serviços administrativos;1;;;;;;;;;#N/D
4101401;ALUGUEL DE VEICULO SEM CONDUTOR;77;Aluguéis não imobiliários e gestão de ativos intangíveis não financeiros;77001;Aluguéis não-imob. e gestão de ativos de propriedade intelectual;;;;;;;;;;Aluguéis não-imob. e gestão de ativos de propriedade intelectual
4101601;PEDAGIO;52;Armazenamento e atividades auxiliares aos transportes;52801;Armazenamento e serviços auxiliares aos transportes;;;;;;;;;;Armazenamento e serviços auxiliares aos transportes
4105801;ESTACIONAMENTO;52;Armazenamento e atividades auxiliares aos transportes;52801;Armazenamento e serviços auxiliares aos transportes;;;;;;;;;;Armazenamento e serviços auxiliares aos transportes
4106001;GUARDA-VOLUMES;52;Armazenamento e atividades auxiliares aos transportes;52801;Armazenamento e serviços auxiliares aos transportes;;;;;;;;;;#N/D
4106101;CARREGADOR DE BAGAGEM;52;Armazenamento e atividades auxiliares aos transportes;52801;Armazenamento e serviços auxiliares aos transportes;;;;;;;;;;Serviços de alojamento em hotéis e similares
4106801;DESPACHO DE BAGAGEM;51;Transporte aéreo;51001;Transporte aéreo;;;;;;;;;;#N/D
4102101;TEATRO (INGRESSO);90;Atividades culturais, recreativas e esportivas;90801;Serviços de artes, cultura, esporte e recreação;;;;;;;;;;Serviços de artes, cultura, esporte e recreação
4102301;SHOW (INGRESSO);90;Atividades culturais, recreativas e esportivas;90801;Serviços de artes, cultura, esporte e recreação;;;;;;;;;;Serviços de artes, cultura, esporte e recreação
4104501;CIRCO (INGRESSO);90;Atividades culturais, recreativas e esportivas;90801;Serviços de artes, cultura, esporte e recreação;;;;;;;;;;Serviços de artes, cultura, esporte e recreação
4105101;RODEIO (INGRESSO);90;Atividades culturais, recreativas e esportivas;90801;Serviços de artes, cultura, esporte e recreação;;;;;;;;;;Serviços de artes, cultura, esporte e recreação
4104401;MUSEU (INGRESSO);91;Atividades culturais, recreativas e esportivas;90801;Serviços de artes, cultura, esporte e recreação;;;;;;;;;;Serviços de artes, cultura, esporte e recreação
4102201;PARQUE DE DIVERSAO (INGRESSO);93;Atividades culturais, recreativas e esportivas;90801;Serviços de artes, cultura, esporte e recreação;;;;;;;;;;#N/D
4102401;FUTEBOL DE CAMPO (INGRESSO);93;Atividades culturais, recreativas e esportivas;90801;Serviços de artes, cultura, esporte e recreação;;;;;;;;;;#N/D
4102501;VOLEIBOL (INGRESSO);93;Atividades culturais, recreativas e esportivas;90801;Serviços de artes, cultura, esporte e recreação;;;;;;;;;;Serviços de artes, cultura, esporte e recreação
4102601;AUTOMOBILISMO (INGRESSO);93;Atividades culturais, recreativas e esportivas;90801;Serviços de artes, cultura, esporte e recreação;;;;;;;;;;#N/D
4104601;DANCETERIA, BOATE OU CASA NOTURNA;93;Atividades culturais, recreativas e esportivas;90801;Serviços de artes, cultura, esporte e recreação;;;;;;;;;;#N/D
4104701;BASQUETEBOL (INGRESSO);93;Atividades culturais, recreativas e esportivas;90801;Serviços de artes, cultura, esporte e recreação;;;;;;;;;;Serviços de artes, cultura, esporte e recreação
4104801;TENIS (INGRESSO);93;Atividades culturais, recreativas e esportivas;90801;Serviços de artes, cultura, esporte e recreação;;;;;;;;;;#N/D
4104901;GOLFE (INGRESSO);93;Atividades culturais, recreativas e esportivas;90801;Serviços de artes, cultura, esporte e recreação;;;;;;;;;;#N/D
4105001;HIPODROMO (INGRESSO);93;Atividades culturais, recreativas e esportivas;90801;Serviços de artes, cultura, esporte e recreação;;;;;;;;;;#N/D
4105201;PESCA;93;Atividades culturais, recreativas e esportivas;90801;Serviços de artes, cultura, esporte e recreação;;;;;;;;;;Serviços de artes, cultura, esporte e recreação
4105301;BOLICHE;93;Atividades culturais, recreativas e esportivas;90801;Serviços de artes, cultura, esporte e recreação;;;;;;;;;;Serviços de artes, cultura, esporte e recreação
4105401;BINGO;93;Atividades culturais, recreativas e esportivas;90801;Serviços de artes, cultura, esporte e recreação;;;;;;;;;;Serviços de artes, cultura, esporte e recreação
4105501;FLIPERAMA E SIMILARES;93;Atividades culturais, recreativas e esportivas;90801;Serviços de artes, cultura, esporte e recreação;;;;;;;;;;#N/D
4105601;PEDALINHOS;93;Atividades culturais, recreativas e esportivas;90801;Serviços de artes, cultura, esporte e recreação;;;;;;;;;;#N/D
4105701;COLONIA DE FERIAS;55;Serviços de alojamento;55001;Serviços de alojamento em hotéis e similares;;;;;;;;;;Serviços de alojamento em hotéis e similares
4106301;LOCACAO DE BICICLETAS;93;Atividades culturais, recreativas e esportivas;90801;Serviços de artes, cultura, esporte e recreação;;;;;;;;;;#N/D
4106501;EXPOSICAO (INGRESSO);93;Atividades culturais, recreativas e esportivas;90801;Serviços de artes, cultura, esporte e recreação;;;;;;;;;;#N/D
4106601;PARQUES NATURAIS E BALNEARIOS;91;Atividades culturais, recreativas e esportivas;90801;Serviços de artes, cultura, esporte e recreação;;;;;;;;;;#N/D
4106901;EVENTOS RELIGIOSOS;90;Atividades culturais, recreativas e esportivas;90801;Serviços de artes, cultura, esporte e recreação;;;;;;;;;;#N/D
4107101;TRIATLO (INGRESSO);93;Atividades culturais, recreativas e esportivas;90801;Serviços de artes, cultura, esporte e recreação;;;;;;;;;;#N/D
4107201;HOQUEI (INGRESSO);93;Atividades culturais, recreativas e esportivas;90801;Serviços de artes, cultura, esporte e recreação;;;;;;;;;;#N/D
4102001;CINEMA (INGRESSO);59;Serviços audiovisuais;59801;Serviços cinematográficos, música, rádio e televisão;;;;;;;;;;Serviços cinematográficos, música, rádio e televisão
4100101;ALIMENTACAO;56;Serviços de alimentação;56001;Serviços  de alimentação;;;;;;;;;;Serviços  de alimentação
4100102;BEBIDAS;56;Serviços de alimentação;56001;Serviços  de alimentação;;;;;;;;;;Serviços  de alimentação
4100103;RESTAURANTES;56;Serviços de alimentação;56001;Serviços  de alimentação;;;;;;;;;;Serviços  de alimentação
4100104;BARES;56;Serviços de alimentação;56001;Serviços  de alimentação;;;;;;;;;;Serviços  de alimentação
4100105;LANCHONETES;56;Serviços de alimentação;56001;Serviços  de alimentação;;;;;;;;;;Serviços  de alimentação
4101701;HOSPEDAGEM (HOTEL, POUSADA OU OUTRO TIPO DE ALOJAMENTO);55;Serviços de alojamento;55001;Serviços de alojamento em hotéis e similares;;;;;;;;;;#N/D
4101702;HOTEL;55;Serviços de alojamento;55001;Serviços de alojamento em hotéis e similares;;;;;;;;;;Serviços de alojamento em hotéis e similares
4101703;POUSADA;55;Serviços de alojamento;55001;Serviços de alojamento em hotéis e similares;;;;;;;;;;#N/D
4101704;MOTEL;55;Serviços de alojamento;55001;Serviços de alojamento em hotéis e similares;;;;;;;;;;Serviços de alojamento em hotéis e similares
4101705;PENSAO;55;Serviços de alojamento;55001;Serviços de alojamento em hotéis e similares;;;;;;;;;;#N/D
4101706;DORMITORIO;55;Serviços de alojamento;55001;Serviços de alojamento em hotéis e similares;;;;;;;;;;#N/D
4101707;ACAMPAMENTO;55;Serviços de alojamento;55001;Serviços de alojamento em hotéis e similares;;;;;;;;;;#N/D
4101708;ALBERGUE;55;Serviços de alojamento;55001;Serviços de alojamento em hotéis e similares;;;;;;;;;;#N/D
4101901;ALUGUEL DE IMOVEIS POR TEMPORADA;55;Serviços de alojamento;68001;Aluguel efetivo e serviços imobiliários;;;;;;;;;;Aluguel efetivo e serviços imobiliários
4101201;AVIAO (VIAGEM NACIONAL);51;Transporte aéreo;51001;Transporte aéreo;;;;;;;;;;#N/D
4101301;AVIAO (VIAGEM INTERNACIONAL);51;Transporte aéreo;51001;Transporte aéreo;;;;;;;;;;#N/D
4101101;TRANSPORTE AQUAVIARIO (BARCA, BALSA, NAVIO, ETC.);50;Transporte aquaviário;50001;Transporte aquaviário;;;;;;;;;;#N/D
4101102;BARCA;50;Transporte aquaviário;50001;Transporte aquaviário;;;;;;;;;;Transporte aquaviário
4101103;BARCO;50;Transporte aquaviário;50001;Transporte aquaviário;;;;;;;;;;Transporte aquaviário
4101104;BALSA;50;Transporte aquaviário;50001;Transporte aquaviário;;;;;;;;;;Transporte aquaviário
4101105;NAVIO;50;Transporte aquaviário;50001;Transporte aquaviário;;;;;;;;;;Transporte aquaviário
4101106;FERRY-BOAT;50;Transporte aquaviário;50001;Transporte aquaviário;;;;;;;;;;Transporte aquaviário
4100901;METRO;49;Transporte ferroviário e metroferroviário;49002;Transporte terrestre de passageiros;1;;;;;;;;;Equip. de medida, teste e controle, ópticos e eletromédicos
4101001;TREM;49;Transporte ferroviário e metroferroviário;49002;Transporte terrestre de passageiros;1;;;;;;;;;Transporte terrestre de passageiros
4100201;ONIBUS URBANO;49;Transporte rodoviário de passageiros;49002;Transporte terrestre de passageiros;;;;;;;;;;Transporte terrestre de passageiros
4100301;ONIBUS INTERMUNICIPAL;49;Transporte rodoviário de passageiros;49002;Transporte terrestre de passageiros;;;;;;;;;;Transporte terrestre de passageiros
4100401;ONIBUS INTERESTADUAL;49;Transporte rodoviário de passageiros;49002;Transporte terrestre de passageiros;;;;;;;;;;Transporte terrestre de passageiros
4100501;ONIBUS INTERNACIONAL;49;Transporte rodoviário de passageiros;49002;Transporte terrestre de passageiros;;;;;;;;;;Transporte terrestre de passageiros
4100601;TRANSPORTE ALTERNATIVO (VAN, KOMBI, LOTADA, ETC.);49;Transporte rodoviário de passageiros;49002;Transporte terrestre de passageiros;;;;;;;;;;#N/D
4100602;VAN;49;Transporte rodoviário de passageiros;49002;Transporte terrestre de passageiros;;;;;;;;;;Transporte terrestre de passageiros
4100603;KOMBI;49;Transporte rodoviário de passageiros;49002;Transporte terrestre de passageiros;;;;;;;;;;Transporte terrestre de passageiros
4100604;CAMINHAO;49;Transporte rodoviário de passageiros;49002;Transporte terrestre de passageiros;;;;;;;;;;Transporte terrestre de passageiros
4100605;PAU-DE-ARARA;49;Transporte rodoviário de passageiros;49002;Transporte terrestre de passageiros;;;;;;;;;;Transporte terrestre de passageiros
4100701;TAXI;49;Transporte rodoviário de passageiros;49002;Transporte terrestre de passageiros;;;;;;;;;;Transporte terrestre de passageiros
4100801;MOTO-TAXI;49;Transporte rodoviário de passageiros;49002;Transporte terrestre de passageiros;;;;;;;;;;Transporte terrestre de passageiros
4106401;UBER;49;Transporte rodoviário de passageiros;49002;Transporte terrestre de passageiros;;;;;;;;;;#N/D
2301401;GASOLINA COMUM (COMBUSTIVEL DE VEICULO);23;;19912;Gasoálcool;;;;;;;;;;
2301501;GASOLINA ADITIVADA (COMBUSTIVEL DE VEICULO);23;;19912;Gasoálcool;;;;;;;;;;
2301502;GASOLINA ESPECIAL (COMBUSTIVEL DE VEICULO);23;;19912;Gasoálcool;;;;;;;;;;
2301601;ALCOOL (COMBUSTIVEL DE VEICULO);23;;19912;Gasoálcool;;;;;;;;;;
2301701;OLEO DIESEL (COMBUSTIVEL DE VEICULO);23;;19912;Gasoálcool;;;;;;;;;;
2301801;GAS VEICULAR;23;;19912;Gasoálcool;;;;;;;;;;
5001301;ALUGUEL DE VEICULO SEM CONDUTOR;50;Aluguéis não imobiliários e gestão de ativos intangíveis não financeiros;77001;Aluguéis não-imob. e gestão de ativos de propriedade intelectual;;;;;;;;;;
4501201;ALUGUEL DE VEICULO PARA CASAMENTO, ANIVERSARIO, ETC.;50;Aluguéis não imobiliários e gestão de ativos intangíveis não financeiros;77001;Aluguéis não-imob. e gestão de ativos de propriedade intelectual;;;;;;;;;;
2301901;ESTACIONAMENTO;23;Armazenamento e atividades auxiliares aos transportes;52801;Armazenamento e serviços auxiliares aos transportes;;;;;;;;;;
2302001;PEDAGIO;23;Armazenamento e atividades auxiliares aos transportes;52801;Armazenamento e serviços auxiliares aos transportes;;;;;;;;;;
2800201;TEATRO (INGRESSO);28;Atividades culturais, recreativas e esportivas;90801;Serviços de artes, cultura, esporte e recreação;;;;;;;;;;
2800301;MUSEU (INGRESSO);28;Atividades culturais, recreativas e esportivas;90801;Serviços de artes, cultura, esporte e recreação;;;;;;;;;;
2800401;FEIRA OU EXPOSICAO (INGRESSO);28;Atividades culturais, recreativas e esportivas;90801;Serviços de artes, cultura, esporte e recreação;;;;;;;;;;
2800402;FEIRA DE INFORMATICA (INGRESSO);28;Atividades culturais, recreativas e esportivas;90801;Serviços de artes, cultura, esporte e recreação;;;;;;;;;;
2800501;CIRCO (INGRESSO);28;Atividades culturais, recreativas e esportivas;90801;Serviços de artes, cultura, esporte e recreação;;;;;;;;;;
2800601;PARQUE DE DIVERSAO (INGRESSO);28;Atividades culturais, recreativas e esportivas;90801;Serviços de artes, cultura, esporte e recreação;;;;;;;;;;
2800602;PESCARIA (PARQUE DE DIVERSAO);28;Atividades culturais, recreativas e esportivas;90801;Serviços de artes, cultura, esporte e recreação;;;;;;;;;;
2800701;SHOW (INGRESSO);28;Atividades culturais, recreativas e esportivas;90801;Serviços de artes, cultura, esporte e recreação;;;;;;;;;;
2800702;SERESTA (INGRESSO);28;Atividades culturais, recreativas e esportivas;90801;Serviços de artes, cultura, esporte e recreação;;;;;;;;;;
2800703;FORRO (INGRESSO);28;Atividades culturais, recreativas e esportivas;90801;Serviços de artes, cultura, esporte e recreação;;;;;;;;;;
2800704;BAR (COUVERT ARTISTICO);28;Atividades culturais, recreativas e esportivas;90801;Serviços de artes, cultura, esporte e recreação;;;;;;;;;;
2800801;BAILE OU FESTA (INGRESSO);28;Atividades culturais, recreativas e esportivas;90801;Serviços de artes, cultura, esporte e recreação;;;;;;;;;;
2800901;DANCETERIA, BOATE OU CASA NOTURNA (INGRESSO);28;Atividades culturais, recreativas e esportivas;90801;Serviços de artes, cultura, esporte e recreação;;;;;;;;;;
2800902;DANCETERIA (INGRESSO);28;Atividades culturais, recreativas e esportivas;90801;Serviços de artes, cultura, esporte e recreação;;;;;;;;;;
2800903;BOATE (INGRESSO);28;Atividades culturais, recreativas e esportivas;90801;Serviços de artes, cultura, esporte e recreação;;;;;;;;;;
2800904;DISCOTECA (INGRESSO);28;Atividades culturais, recreativas e esportivas;90801;Serviços de artes, cultura, esporte e recreação;;;;;;;;;;
2800905;CASA NOTURNA (INGRESSO);28;Atividades culturais, recreativas e esportivas;90801;Serviços de artes, cultura, esporte e recreação;;;;;;;;;;
2801001;FUTEBOL DE CAMPO (INGRESSO);28;Atividades culturais, recreativas e esportivas;90801;Serviços de artes, cultura, esporte e recreação;;;;;;;;;;
2801101;VOLEIBOL (INGRESSO);28;Atividades culturais, recreativas e esportivas;90801;Serviços de artes, cultura, esporte e recreação;;;;;;;;;;
2801201;AUTOMOBILISMO (INGRESSO);28;Atividades culturais, recreativas e esportivas;90801;Serviços de artes, cultura, esporte e recreação;;;;;;;;;;
2801301;JOGOS ELETRONICOS (FICHA);28;Atividades culturais, recreativas e esportivas;90801;Serviços de artes, cultura, esporte e recreação;;;;;;;;;;
2801302;FLIPERAMA (FICHA);28;Atividades culturais, recreativas e esportivas;90801;Serviços de artes, cultura, esporte e recreação;;;;;;;;;;
2801303;VIDEOGAME (FICHA);28;Atividades culturais, recreativas e esportivas;90801;Serviços de artes, cultura, esporte e recreação;;;;;;;;;;
2801304;JOGOS ELETRONICOS (INTERNET);28;Atividades culturais, recreativas e esportivas;90801;Serviços de artes, cultura, esporte e recreação;;;;;;;;;;
2801401;SINUCA (FICHA);28;Atividades culturais, recreativas e esportivas;90801;Serviços de artes, cultura, esporte e recreação;;;;;;;;;;
2801501;ALUGUEL DE BICICLETA;28;Atividades culturais, recreativas e esportivas;90801;Serviços de artes, cultura, esporte e recreação;;;;;;;;;;
2801601;ALUGUEL DE CADEIRA DE PRAIA;28;Atividades culturais, recreativas e esportivas;90801;Serviços de artes, cultura, esporte e recreação;;;;;;;;;;
2801701;ALUGUEL DE QUADRA OU CAMPO;28;Atividades culturais, recreativas e esportivas;90801;Serviços de artes, cultura, esporte e recreação;;;;;;;;;;
2801702;ALUGUEL DE QUADRA;28;Atividades culturais, recreativas e esportivas;90801;Serviços de artes, cultura, esporte e recreação;;;;;;;;;;
2801703;ALUGUEL DE CAMPO;28;Atividades culturais, recreativas e esportivas;90801;Serviços de artes, cultura, esporte e recreação;;;;;;;;;;
2801801;CLUBE (MENSALIDADE OU TAXA);28;Atividades culturais, recreativas e esportivas;90801;Serviços de artes, cultura, esporte e recreação;;;;;;;;;;
2801802;ASSOCIACAO RECREATIVA (MENSALIDADE OU TAXA);28;Atividades culturais, recreativas e esportivas;90801;Serviços de artes, cultura, esporte e recreação;;;;;;;;;;
2801803;MENSALIDADE DE CLUBE;28;Atividades culturais, recreativas e esportivas;90801;Serviços de artes, cultura, esporte e recreação;;;;;;;;;;
2801804;TAXA DE CLUBE;28;Atividades culturais, recreativas e esportivas;90801;Serviços de artes, cultura, esporte e recreação;;;;;;;;;;
2800101;CINEMA (INGRESSO);28;Serviços audiovisuais;59801;Serviços cinematográficos, música, rádio e televisão;;;;;;;;;;
2400101;ALMOCO OU JANTAR A PESO;24;Serviços de alimentação;56001;Serviços  de alimentação;;;;;;;;;;
2400102;ALMOCO A PESO;24;Serviços de alimentação;56001;Serviços  de alimentação;;;;;;;;;;
2400103;JANTAR A PESO;24;Serviços de alimentação;56001;Serviços  de alimentação;;;;;;;;;;
2400104;ALMOCO A PESO E BEBIDA;24;Serviços de alimentação;56001;Serviços  de alimentação;;;;;;;;;;
2400105;JANTAR A PESO E BEBIDA;24;Serviços de alimentação;56001;Serviços  de alimentação;;;;;;;;;;
2400106;ALMOCO A PESO E SOBREMESA;24;Serviços de alimentação;56001;Serviços  de alimentação;;;;;;;;;;
2400107;JANTAR A PESO E SOBREMESA;24;Serviços de alimentação;56001;Serviços  de alimentação;;;;;;;;;;
2400108;ALMOCO A PESO, BEBIDA E SOBREMESA;24;Serviços de alimentação;56001;Serviços  de alimentação;;;;;;;;;;
2400109;JANTAR A PESO, BEBIDA E SOBREMESA;24;Serviços de alimentação;56001;Serviços  de alimentação;;;;;;;;;;
2400201;ALMOCO OU JANTAR A LA CARTE;24;Serviços de alimentação;56001;Serviços  de alimentação;;;;;;;;;;
2400202;ALMOCO A LA CARTE;24;Serviços de alimentação;56001;Serviços  de alimentação;;;;;;;;;;
2400203;JANTAR A LA CARTE;24;Serviços de alimentação;56001;Serviços  de alimentação;;;;;;;;;;
2400204;ALMOCO A LA CARTE E BEBIDA;24;Serviços de alimentação;56001;Serviços  de alimentação;;;;;;;;;;
2400205;JANTAR A LA CARTE E BEBIDA;24;Serviços de alimentação;56001;Serviços  de alimentação;;;;;;;;;;
2400206;ALMOCO A LA CARTE E SOBREMESA;24;Serviços de alimentação;56001;Serviços  de alimentação;;;;;;;;;;
2400207;JANTAR A LA CARTE E SOBREMESA;24;Serviços de alimentação;56001;Serviços  de alimentação;;;;;;;;;;
2400208;ALMOCO A LA CARTE, BEBIDA E SOBREMESA;24;Serviços de alimentação;56001;Serviços  de alimentação;;;;;;;;;;
2400209;JANTAR A LA CARTE, BEBIDA E SOBREMESA;24;Serviços de alimentação;56001;Serviços  de alimentação;;;;;;;;;;
2400301;ALMOCO OU JANTAR (PRATO FEITO);24;Serviços de alimentação;56001;Serviços  de alimentação;;;;;;;;;;
2400401;REFEICAO FAST FOOD;24;Serviços de alimentação;56001;Serviços  de alimentação;;;;;;;;;;
2400402;REFEICAO FAST FOOD E BEBIDA;24;Serviços de alimentação;56001;Serviços  de alimentação;;;;;;;;;;
2400403;REFEICAO FAST FOOD E SOBREMESA;24;Serviços de alimentação;56001;Serviços  de alimentação;;;;;;;;;;
2400404;REFEICAO FAST FOOD, BEBIDA E SOBREMESA;24;Serviços de alimentação;56001;Serviços  de alimentação;;;;;;;;;;
2400501;PAO (COM OU SEM MANTEIGA, REQUEIJAO, POLENGUINHO, ETC.);24;Serviços de alimentação;56001;Serviços  de alimentação;;;;;;;;;;
2400502;PAO COM MANTEIGA;24;Serviços de alimentação;56001;Serviços  de alimentação;;;;;;;;;;
2400503;PAO SEM MANTEIGA;24;Serviços de alimentação;56001;Serviços  de alimentação;;;;;;;;;;
2400504;PAO COM REQUEIJAO;24;Serviços de alimentação;56001;Serviços  de alimentação;;;;;;;;;;
2400505;PAO SEM REQUEIJAO;24;Serviços de alimentação;56001;Serviços  de alimentação;;;;;;;;;;
2400506;PAO COM POLENGUINHO;24;Serviços de alimentação;56001;Serviços  de alimentação;;;;;;;;;;
2400507;PAO SEM POLENGUINHO;24;Serviços de alimentação;56001;Serviços  de alimentação;;;;;;;;;;
2400508;PAO NA CHAPA;24;Serviços de alimentação;56001;Serviços  de alimentação;;;;;;;;;;
2400601;SANDUICHE (CACHORRO QUENTE, HAMBURGUER, MISTO QUENTE, ETC.);24;Serviços de alimentação;56001;Serviços  de alimentação;;;;;;;;;;
2400602;CACHORRO QUENTE;24;Serviços de alimentação;56001;Serviços  de alimentação;;;;;;;;;;
2400603;HAMBURGUER;24;Serviços de alimentação;56001;Serviços  de alimentação;;;;;;;;;;
2400604;CHEESE BURGUER;24;Serviços de alimentação;56001;Serviços  de alimentação;;;;;;;;;;
2400605;CHEESE SALADA;24;Serviços de alimentação;56001;Serviços  de alimentação;;;;;;;;;;
2400606;CHEESE EGG;24;Serviços de alimentação;56001;Serviços  de alimentação;;;;;;;;;;
2400607;CHEESE BACON;24;Serviços de alimentação;56001;Serviços  de alimentação;;;;;;;;;;
2400608;CHEESE TUDO;24;Serviços de alimentação;56001;Serviços  de alimentação;;;;;;;;;;
2400609;BAURU;24;Serviços de alimentação;56001;Serviços  de alimentação;;;;;;;;;;
2400610;AMERICANO;24;Serviços de alimentação;56001;Serviços  de alimentação;;;;;;;;;;
2400611;MISTO QUENTE OU FRIO;24;Serviços de alimentação;56001;Serviços  de alimentação;;;;;;;;;;
2400612;SANDUICHE DE QUEIJO PRATO;24;Serviços de alimentação;56001;Serviços  de alimentação;;;;;;;;;;
2400613;SANDUICHE DE QUEIJO MINAS;24;Serviços de alimentação;56001;Serviços  de alimentação;;;;;;;;;;
2400614;SANDUICHE DE PRESUNTO;24;Serviços de alimentação;56001;Serviços  de alimentação;;;;;;;;;;
2400615;SANDUICHE DE QUEIJO PRATO COM PRESUNTO;24;Serviços de alimentação;56001;Serviços  de alimentação;;;;;;;;;;
2400616;SANDUICHE DE MORTADELA;24;Serviços de alimentação;56001;Serviços  de alimentação;;;;;;;;;;
2400617;SANDUICHE DE SALAME;24;Serviços de alimentação;56001;Serviços  de alimentação;;;;;;;;;;
2400618;SANDUICHE NATURAL;24;Serviços de alimentação;56001;Serviços  de alimentação;;;;;;;;;;
2400619;TORRADA COM QUEIJO, PRESUNTO, OVO, ETC.;24;Serviços de alimentação;56001;Serviços  de alimentação;;;;;;;;;;
2400701;SALGADOS OU TIRA-GOSTO (PASTEL, COXINHA, ESPETINHO, BATATA FRITA, ETC.);24;Serviços de alimentação;56001;Serviços  de alimentação;;;;;;;;;;
2400702;PASTEL;24;Serviços de alimentação;56001;Serviços  de alimentação;;;;;;;;;;
2400703;COXINHA;24;Serviços de alimentação;56001;Serviços  de alimentação;;;;;;;;;;
2400704;EMPADA;24;Serviços de alimentação;56001;Serviços  de alimentação;;;;;;;;;;
2400705;ESFIRRA;24;Serviços de alimentação;56001;Serviços  de alimentação;;;;;;;;;;
2400706;QUIBE;24;Serviços de alimentação;56001;Serviços  de alimentação;;;;;;;;;;
2400707;CROQUETE;24;Serviços de alimentação;56001;Serviços  de alimentação;;;;;;;;;;
2400708;RISOLE;24;Serviços de alimentação;56001;Serviços  de alimentação;;;;;;;;;;
2400709;ENROLADINHO;24;Serviços de alimentação;56001;Serviços  de alimentação;;;;;;;;;;
2400710;BOLINHO SALGADO;24;Serviços de alimentação;56001;Serviços  de alimentação;;;;;;;;;;
2400711;CHURRASQUINHO (ESPETINHO);24;Serviços de alimentação;56001;Serviços  de alimentação;;;;;;;;;;
2400712;ESPETINHO DE CARNE;24;Serviços de alimentação;56001;Serviços  de alimentação;;;;;;;;;;
2400713;ESPETINHO DE FRANGO;24;Serviços de alimentação;56001;Serviços  de alimentação;;;;;;;;;;
2400714;ESPETINHO DE QUEIJO COALHO;24;Serviços de alimentação;56001;Serviços  de alimentação;;;;;;;;;;
2400715;SALSICHAO;24;Serviços de alimentação;56001;Serviços  de alimentação;;;;;;;;;;
2400716;PIZZA EM FATIA;24;Serviços de alimentação;56001;Serviços  de alimentação;;;;;;;;;;
2400717;PAO DE QUEIJO;24;Serviços de alimentação;56001;Serviços  de alimentação;;;;;;;;;;
2400718;ESPIGA DE MILHO ASSADA OU COZIDA;24;Serviços de alimentação;56001;Serviços  de alimentação;;;;;;;;;;
2400719;MILHO ASSADO OU COZIDO;24;Serviços de alimentação;56001;Serviços  de alimentação;;;;;;;;;;
2400720;TORTA SALGADA;24;Serviços de alimentação;56001;Serviços  de alimentação;;;;;;;;;;
2400721;CREPE;24;Serviços de alimentação;56001;Serviços  de alimentação;;;;;;;;;;
2400722;TAPIOCA SALGADA;24;Serviços de alimentação;56001;Serviços  de alimentação;;;;;;;;;;
2400723;ACARAJE;24;Serviços de alimentação;56001;Serviços  de alimentação;;;;;;;;;;
2400724;ABARA;24;Serviços de alimentação;56001;Serviços  de alimentação;;;;;;;;;;
2400725;OVO COZIDO;24;Serviços de alimentação;56001;Serviços  de alimentação;;;;;;;;;;
2400726;PIPOCA SALGADA;24;Serviços de alimentação;56001;Serviços  de alimentação;;;;;;;;;;
2400727;BARRA DE CEREAL SALGADA;24;Serviços de alimentação;56001;Serviços  de alimentação;;;;;;;;;;
2400728;CASQUINHA DE SIRI;24;Serviços de alimentação;56001;Serviços  de alimentação;;;;;;;;;;
2400729;CARANGUEJO;24;Serviços de alimentação;56001;Serviços  de alimentação;;;;;;;;;;
2400730;TABUA DE FRIOS;24;Serviços de alimentação;56001;Serviços  de alimentação;;;;;;;;;;
2400731;PORCAO DE QUEIJO;24;Serviços de alimentação;56001;Serviços  de alimentação;;;;;;;;;;
2400732;PORCAO DE SALAME;24;Serviços de alimentação;56001;Serviços  de alimentação;;;;;;;;;;
2400733;PORCAO DE SALAMINHO;24;Serviços de alimentação;56001;Serviços  de alimentação;;;;;;;;;;
2400734;PORCAO DE CARNE;24;Serviços de alimentação;56001;Serviços  de alimentação;;;;;;;;;;
2400735;PORCAO DE FRANGO;24;Serviços de alimentação;56001;Serviços  de alimentação;;;;;;;;;;
2400736;PORCAO DE PEIXE FRITO;24;Serviços de alimentação;56001;Serviços  de alimentação;;;;;;;;;;
2400737;PORCAO DE BATATA FRITA;24;Serviços de alimentação;56001;Serviços  de alimentação;;;;;;;;;;
2400738;PORCAO DE AMENDOIN SALGADO;24;Serviços de alimentação;56001;Serviços  de alimentação;;;;;;;;;;
2400739;PORCAO DE CASTANHA DE CAJU;24;Serviços de alimentação;56001;Serviços  de alimentação;;;;;;;;;;
2400740;CUZCUZ SALGADO;24;Serviços de alimentação;56001;Serviços  de alimentação;;;;;;;;;;
2400741;QUEIIJO POLENGUINHO;24;Serviços de alimentação;56001;Serviços  de alimentação;;;;;;;;;;
2400742;ROSCA SALGADA;24;Serviços de alimentação;56001;Serviços  de alimentação;;;;;;;;;;
2400743;PIZZA;24;Serviços de alimentação;56001;Serviços  de alimentação;;;;;;;;;;
2400801;BISCOITO SALGADO;24;Serviços de alimentação;56001;Serviços  de alimentação;;;;;;;;;;
2400802;BOLACHA SALGADA;24;Serviços de alimentação;56001;Serviços  de alimentação;;;;;;;;;;
2400803;TORRADA SALGADA;24;Serviços de alimentação;56001;Serviços  de alimentação;;;;;;;;;;
2400901;BISCOITO DOCE;24;Serviços de alimentação;56001;Serviços  de alimentação;;;;;;;;;;
2400902;BOLACHA DOCE;24;Serviços de alimentação;56001;Serviços  de alimentação;;;;;;;;;;
2400903;TORRADA DOCE;24;Serviços de alimentação;56001;Serviços  de alimentação;;;;;;;;;;
2401001;BALA OU CHICLETE;24;Serviços de alimentação;56001;Serviços  de alimentação;;;;;;;;;;
2401002;BALA;24;Serviços de alimentação;56001;Serviços  de alimentação;;;;;;;;;;
2401003;CHICLETE;24;Serviços de alimentação;56001;Serviços  de alimentação;;;;;;;;;;
2401004;PIRULITO;24;Serviços de alimentação;56001;Serviços  de alimentação;;;;;;;;;;
2401101;CHOCOLATE EM BARRA, TABLETE OU BOMBOM;24;Serviços de alimentação;56001;Serviços  de alimentação;;;;;;;;;;
2401102;CHOCOLATE EM BARRA;24;Serviços de alimentação;56001;Serviços  de alimentação;;;;;;;;;;
2401103;CHOCOLATE EM TABLETE;24;Serviços de alimentação;56001;Serviços  de alimentação;;;;;;;;;;
2401104;BOMBOM;24;Serviços de alimentação;56001;Serviços  de alimentação;;;;;;;;;;
2401105;OVO DE PASCOA;24;Serviços de alimentação;56001;Serviços  de alimentação;;;;;;;;;;
2401201;SORVETE;24;Serviços de alimentação;56001;Serviços  de alimentação;;;;;;;;;;
2401202;PICOLE;24;Serviços de alimentação;56001;Serviços  de alimentação;;;;;;;;;;
2401203;DINDIM (SACOLE);24;Serviços de alimentação;56001;Serviços  de alimentação;;;;;;;;;;
2401204;SACOLE;24;Serviços de alimentação;56001;Serviços  de alimentação;;;;;;;;;;
2401205;GELADINHO;24;Serviços de alimentação;56001;Serviços  de alimentação;;;;;;;;;;
2401301;SORVETE DIET;24;Serviços de alimentação;56001;Serviços  de alimentação;;;;;;;;;;
2401401;FRUTA;24;Serviços de alimentação;56001;Serviços  de alimentação;;;;;;;;;;
2401402;BANANA;24;Serviços de alimentação;56001;Serviços  de alimentação;;;;;;;;;;
2401403;LARANJA;24;Serviços de alimentação;56001;Serviços  de alimentação;;;;;;;;;;
2401404;MACA;24;Serviços de alimentação;56001;Serviços  de alimentação;;;;;;;;;;
2401405;MANGA;24;Serviços de alimentação;56001;Serviços  de alimentação;;;;;;;;;;
2401406;PERA;24;Serviços de alimentação;56001;Serviços  de alimentação;;;;;;;;;;
2401501;IOGURTE;24;Serviços de alimentação;56001;Serviços  de alimentação;;;;;;;;;;
2401601;DOCE OU BOLO;24;Serviços de alimentação;56001;Serviços  de alimentação;;;;;;;;;;
2401602;DOCE;24;Serviços de alimentação;56001;Serviços  de alimentação;;;;;;;;;;
2401603;BOLO;24;Serviços de alimentação;56001;Serviços  de alimentação;;;;;;;;;;
2401604;TORTA DOCE;24;Serviços de alimentação;56001;Serviços  de alimentação;;;;;;;;;;
2401605;COCADA;24;Serviços de alimentação;56001;Serviços  de alimentação;;;;;;;;;;
2401606;PUDIM;24;Serviços de alimentação;56001;Serviços  de alimentação;;;;;;;;;;
2401607;CHURRO;24;Serviços de alimentação;56001;Serviços  de alimentação;;;;;;;;;;
2401608;RAPADURA;24;Serviços de alimentação;56001;Serviços  de alimentação;;;;;;;;;;
2401609;SONHO;24;Serviços de alimentação;56001;Serviços  de alimentação;;;;;;;;;;
2401610;BROA DE MILHO;24;Serviços de alimentação;56001;Serviços  de alimentação;;;;;;;;;;
2401611;BROA DE FUBA;24;Serviços de alimentação;56001;Serviços  de alimentação;;;;;;;;;;
2401612;PAMONHA;24;Serviços de alimentação;56001;Serviços  de alimentação;;;;;;;;;;
2401613;CURAU DE MILHO;24;Serviços de alimentação;56001;Serviços  de alimentação;;;;;;;;;;
2401614;TAPIOCA DOCE;24;Serviços de alimentação;56001;Serviços  de alimentação;;;;;;;;;;
2401615;ARROZ DOCE;24;Serviços de alimentação;56001;Serviços  de alimentação;;;;;;;;;;
2401616;PIPOCA DOCE;24;Serviços de alimentação;56001;Serviços  de alimentação;;;;;;;;;;
2401617;BOLINHO DOCE;24;Serviços de alimentação;56001;Serviços  de alimentação;;;;;;;;;;
2401618;ALGODAO DOCE;24;Serviços de alimentação;56001;Serviços  de alimentação;;;;;;;;;;
2401619;CANJICA;24;Serviços de alimentação;56001;Serviços  de alimentação;;;;;;;;;;
2401620;MUNGUNZA;24;Serviços de alimentação;56001;Serviços  de alimentação;;;;;;;;;;
2401621;CUZCUZ DOCE;24;Serviços de alimentação;56001;Serviços  de alimentação;;;;;;;;;;
2401622;AMENDOIM DOCE;24;Serviços de alimentação;56001;Serviços  de alimentação;;;;;;;;;;
2401623;BARRA DE CEREAL DOCE;24;Serviços de alimentação;56001;Serviços  de alimentação;;;;;;;;;;
2401624;BANANA FRITA COM MEL;24;Serviços de alimentação;56001;Serviços  de alimentação;;;;;;;;;;
2401625;CACAROLA;24;Serviços de alimentação;56001;Serviços  de alimentação;;;;;;;;;;
2401626;MINGAU;24;Serviços de alimentação;56001;Serviços  de alimentação;;;;;;;;;;
2401627;GELATINA;24;Serviços de alimentação;56001;Serviços  de alimentação;;;;;;;;;;
2401628;DOCE DE FRUTA EM CALDA;24;Serviços de alimentação;56001;Serviços  de alimentação;;;;;;;;;;
2401629;DOCE DE FRUTA EM PASTA;24;Serviços de alimentação;56001;Serviços  de alimentação;;;;;;;;;;
2401630;DOCE DE FRUTA CRISTALIZADO;24;Serviços de alimentação;56001;Serviços  de alimentação;;;;;;;;;;
2401631;BRIGADEIRO;24;Serviços de alimentação;56001;Serviços  de alimentação;;;;;;;;;;
2401632;MARIA MOLE;24;Serviços de alimentação;56001;Serviços  de alimentação;;;;;;;;;;
2401633;MANJAR;24;Serviços de alimentação;56001;Serviços  de alimentação;;;;;;;;;;
2401634;PAO DOCE;24;Serviços de alimentação;56001;Serviços  de alimentação;;;;;;;;;;
2401635;ROSCA DOCE;24;Serviços de alimentação;56001;Serviços  de alimentação;;;;;;;;;;
2401636;LEITE CONDENSADO;24;Serviços de alimentação;56001;Serviços  de alimentação;;;;;;;;;;
2401701;CAFEZINHO;24;Serviços de alimentação;56001;Serviços  de alimentação;;;;;;;;;;
2401702;CAFE EXPRESSO;24;Serviços de alimentação;56001;Serviços  de alimentação;;;;;;;;;;
2401703;CAPUCCINO;24;Serviços de alimentação;56001;Serviços  de alimentação;;;;;;;;;;
2401801;CAFE COM LEITE;24;Serviços de alimentação;56001;Serviços  de alimentação;;;;;;;;;;
2401901;SUCO DE FRUTA OU VEGETAL;24;Serviços de alimentação;56001;Serviços  de alimentação;;;;;;;;;;
2401902;SUCO DE FRUTA;24;Serviços de alimentação;56001;Serviços  de alimentação;;;;;;;;;;
2401903;SUCO DE VEGETAL;24;Serviços de alimentação;56001;Serviços  de alimentação;;;;;;;;;;
2401904;SUCO DE LARANJA;24;Serviços de alimentação;56001;Serviços  de alimentação;;;;;;;;;;
2401905;SUCO DE ABACAXI;24;Serviços de alimentação;56001;Serviços  de alimentação;;;;;;;;;;
2401906;SUCO DE MARACUJA;24;Serviços de alimentação;56001;Serviços  de alimentação;;;;;;;;;;
2401907;SUCO DE MANGA;24;Serviços de alimentação;56001;Serviços  de alimentação;;;;;;;;;;
2401908;SUCO DE MORANGO;24;Serviços de alimentação;56001;Serviços  de alimentação;;;;;;;;;;
2401909;SUCO DE ACEROLA;24;Serviços de alimentação;56001;Serviços  de alimentação;;;;;;;;;;
2401910;SUCO DE CUPUACU;24;Serviços de alimentação;56001;Serviços  de alimentação;;;;;;;;;;
2401911;SUCO DE GOIABA;24;Serviços de alimentação;56001;Serviços  de alimentação;;;;;;;;;;
2401912;SUCO DE MAMAO;24;Serviços de alimentação;56001;Serviços  de alimentação;;;;;;;;;;
2401913;SUCO DE MELAO;24;Serviços de alimentação;56001;Serviços  de alimentação;;;;;;;;;;
2401914;SUCO DE PESSEGO;24;Serviços de alimentação;56001;Serviços  de alimentação;;;;;;;;;;
2401915;SUCO DE BETERRABA;24;Serviços de alimentação;56001;Serviços  de alimentação;;;;;;;;;;
2401916;SUCO DE LARANJA E CENOURA;24;Serviços de alimentação;56001;Serviços  de alimentação;;;;;;;;;;
2401917;SUCO DE LARANJA, CENOURA E BETERRABA;24;Serviços de alimentação;56001;Serviços  de alimentação;;;;;;;;;;
2401918;CAJUINA (SUCO);24;Serviços de alimentação;56001;Serviços  de alimentação;;;;;;;;;;
2401919;CALDO DE CANA;24;Serviços de alimentação;56001;Serviços  de alimentação;;;;;;;;;;
2402001;VITAMINA DE FRUTA OU VEGETAL;24;Serviços de alimentação;56001;Serviços  de alimentação;;;;;;;;;;
2402002;VITAMINA DE BANANA;24;Serviços de alimentação;56001;Serviços  de alimentação;;;;;;;;;;
2402003;VITAMINA DE BANANA COM AVEIA;24;Serviços de alimentação;56001;Serviços  de alimentação;;;;;;;;;;
2402004;VITAMINA DE MAMAO;24;Serviços de alimentação;56001;Serviços  de alimentação;;;;;;;;;;
2402005;VITAMINA DE ABACATE;24;Serviços de alimentação;56001;Serviços  de alimentação;;;;;;;;;;
2402006;VITAMINA DE MORANGO;24;Serviços de alimentação;56001;Serviços  de alimentação;;;;;;;;;;
2402007;VITAMINA MISTA;24;Serviços de alimentação;56001;Serviços  de alimentação;;;;;;;;;;
2402101;REFRIGERANTE DE COLA;24;Serviços de alimentação;56001;Serviços  de alimentação;;;;;;;;;;
2402102;COCA-COLA;24;Serviços de alimentação;56001;Serviços  de alimentação;;;;;;;;;;
2402103;PEPSI-COLA;24;Serviços de alimentação;56001;Serviços  de alimentação;;;;;;;;;;
2402201;REFRIGERANTE DE COLA LIGHT;24;Serviços de alimentação;56001;Serviços  de alimentação;;;;;;;;;;
2402202;COCA COLA LIGHT;24;Serviços de alimentação;56001;Serviços  de alimentação;;;;;;;;;;
2402203;PEPSI-COLA LIGHT;24;Serviços de alimentação;56001;Serviços  de alimentação;;;;;;;;;;
2402301;REFRIGERANTE DE GUARANA;24;Serviços de alimentação;56001;Serviços  de alimentação;;;;;;;;;;
2402302;GUARANA;24;Serviços de alimentação;56001;Serviços  de alimentação;;;;;;;;;;
2402303;TUBAINA;24;Serviços de alimentação;56001;Serviços  de alimentação;;;;;;;;;;
2402401;REFRIGERANTE DE GUARANA LIGHT;24;Serviços de alimentação;56001;Serviços  de alimentação;;;;;;;;;;
2402402;GUARANA LIGHT;24;Serviços de alimentação;56001;Serviços  de alimentação;;;;;;;;;;
2402403;TUBAINA LIGHT;24;Serviços de alimentação;56001;Serviços  de alimentação;;;;;;;;;;
2402501;REFRIGERANTE DE LARANJA;24;Serviços de alimentação;56001;Serviços  de alimentação;;;;;;;;;;
2402502;FANTA LARANJA;24;Serviços de alimentação;56001;Serviços  de alimentação;;;;;;;;;;
2402601;VINHO;24;Serviços de alimentação;56001;Serviços  de alimentação;;;;;;;;;;
2402701;CHOPP;24;Serviços de alimentação;56001;Serviços  de alimentação;;;;;;;;;;
2402702;CHOPE;24;Serviços de alimentação;56001;Serviços  de alimentação;;;;;;;;;;
2402703;CHOPP CLARO;24;Serviços de alimentação;56001;Serviços  de alimentação;;;;;;;;;;
2402704;CHOPP ESCURO;24;Serviços de alimentação;56001;Serviços  de alimentação;;;;;;;;;;
2402801;CERVEJA;24;Serviços de alimentação;56001;Serviços  de alimentação;;;;;;;;;;
2402802;CERVEJA CLARA;24;Serviços de alimentação;56001;Serviços  de alimentação;;;;;;;;;;
2402803;CERVEJA PRETA;24;Serviços de alimentação;56001;Serviços  de alimentação;;;;;;;;;;
2402804;CERVEJA SEM ALCOOL;24;Serviços de alimentação;56001;Serviços  de alimentação;;;;;;;;;;
2402901;CACHACA;24;Serviços de alimentação;56001;Serviços  de alimentação;;;;;;;;;;
2402902;PINGA;24;Serviços de alimentação;56001;Serviços  de alimentação;;;;;;;;;;
2403001;AGUA MINERAL;24;Serviços de alimentação;56001;Serviços  de alimentação;;;;;;;;;;
2403002;AGUA MINERAL COM GAS;24;Serviços de alimentação;56001;Serviços  de alimentação;;;;;;;;;;
2403003;AGUA MINERAL SEM GAS;24;Serviços de alimentação;56001;Serviços  de alimentação;;;;;;;;;;
2403004;AGUA GASEIFICADA COM SABOR;24;Serviços de alimentação;56001;Serviços  de alimentação;;;;;;;;;;
2403005;H2O LIMAO;24;Serviços de alimentação;56001;Serviços  de alimentação;;;;;;;;;;
2403101;AGUA DE COCO;24;Serviços de alimentação;56001;Serviços  de alimentação;;;;;;;;;;
2403102;COCO VERDE (AGUA DE COCO);24;Serviços de alimentação;56001;Serviços  de alimentação;;;;;;;;;;
2403201;BEBIDA ENERGETICA;24;Serviços de alimentação;56001;Serviços  de alimentação;;;;;;;;;;
2403202;RED BULL;24;Serviços de alimentação;56001;Serviços  de alimentação;;;;;;;;;;
2403301;BEBIDA ISOTONICA;24;Serviços de alimentação;56001;Serviços  de alimentação;;;;;;;;;;
2403302;GATORADE;24;Serviços de alimentação;56001;Serviços  de alimentação;;;;;;;;;;
2403401;LEITE;24;Serviços de alimentação;56001;Serviços  de alimentação;;;;;;;;;;
2403501;CAIPIRINHA;24;Serviços de alimentação;56001;Serviços  de alimentação;;;;;;;;;;
2403601;WHISKY;24;Serviços de alimentação;56001;Serviços  de alimentação;;;;;;;;;;
2403701;VODKA;24;Serviços de alimentação;56001;Serviços  de alimentação;;;;;;;;;;
2403801;CONHAQUE;24;Serviços de alimentação;56001;Serviços  de alimentação;;;;;;;;;;
2403901;SALADA DE FRUTAS;24;Serviços de alimentação;56001;Serviços  de alimentação;;;;;;;;;;
2404001;AGUA TONICA;24;Serviços de alimentação;56001;Serviços  de alimentação;;;;;;;;;;
2404101;ACAI (EMULSAO);24;Serviços de alimentação;56001;Serviços  de alimentação;;;;;;;;;;
2404102;ACAI COM GRANOLA;24;Serviços de alimentação;56001;Serviços  de alimentação;;;;;;;;;;
2404103;ACAI;24;Serviços de alimentação;56001;Serviços  de alimentação;;;;;;;;;;
2404201;CHA PREPARADO;24;Serviços de alimentação;56001;Serviços  de alimentação;;;;;;;;;;
2404202;CHA MATE PREPARADO;24;Serviços de alimentação;56001;Serviços  de alimentação;;;;;;;;;;
2404203;CHA PRETO PREPARADO;24;Serviços de alimentação;56001;Serviços  de alimentação;;;;;;;;;;
2404301;REFRESCO DE FRUTA;24;Serviços de alimentação;56001;Serviços  de alimentação;;;;;;;;;;
2404302;REFRESCO DE MARACUJA;24;Serviços de alimentação;56001;Serviços  de alimentação;;;;;;;;;;
2404303;REFRESCO DE CAJU;24;Serviços de alimentação;56001;Serviços  de alimentação;;;;;;;;;;
2404304;REFRESCO DE GROSELHA;24;Serviços de alimentação;56001;Serviços  de alimentação;;;;;;;;;;
2404305;REFRESCO DE LARANJA;24;Serviços de alimentação;56001;Serviços  de alimentação;;;;;;;;;;
2404401;LEITE ACHOCOLATADO INDUSTRIALIZADO;24;Serviços de alimentação;56001;Serviços  de alimentação;;;;;;;;;;
2404402;TODDYNHO;24;Serviços de alimentação;56001;Serviços  de alimentação;;;;;;;;;;
2404403;LEITE ACHOCOLATADO TODDYNHO;24;Serviços de alimentação;56001;Serviços  de alimentação;;;;;;;;;;
2404404;ACHOCOLATADO INDUSTRIALIZADO;24;Serviços de alimentação;56001;Serviços  de alimentação;;;;;;;;;;
2404501;CHOCOLATE PREPARADO;24;Serviços de alimentação;56001;Serviços  de alimentação;;;;;;;;;;
2404601;REFRIGERANTE DE UVA;24;Serviços de alimentação;56001;Serviços  de alimentação;;;;;;;;;;
2404701;REFRIGERANTE DE LIMAO;24;Serviços de alimentação;56001;Serviços  de alimentação;;;;;;;;;;
2404702;SODA LIMONADA;24;Serviços de alimentação;56001;Serviços  de alimentação;;;;;;;;;;
2404801;REFRIGERANTE DE TANGERINA;24;Serviços de alimentação;56001;Serviços  de alimentação;;;;;;;;;;
2404901;ALMOCO OU JANTAR (QUENTINHA);24;Serviços de alimentação;56001;Serviços  de alimentação;;;;;;;;;;
2404902;ALMOCO OU JANTAR (MARMITA);24;Serviços de alimentação;56001;Serviços  de alimentação;;;;;;;;;;
2404903;MARMITEX;24;Serviços de alimentação;56001;Serviços  de alimentação;;;;;;;;;;
2404904;MARMITA;24;Serviços de alimentação;56001;Serviços  de alimentação;;;;;;;;;;
2404905;QUENTINHA;24;Serviços de alimentação;56001;Serviços  de alimentação;;;;;;;;;;
2405001;ALMOCO OU JANTAR (BANDEJAO);24;Serviços de alimentação;56001;Serviços  de alimentação;;;;;;;;;;
2405101;RODIZIO DE CARNES;24;Serviços de alimentação;56001;Serviços  de alimentação;;;;;;;;;;
2405102;RODIZIO DE MASSAS;24;Serviços de alimentação;56001;Serviços  de alimentação;;;;;;;;;;
2405103;RODIZIO DE FRUTOS DO MAR;24;Serviços de alimentação;56001;Serviços  de alimentação;;;;;;;;;;
2405104;RODIZIO DE PIZZAS;24;Serviços de alimentação;56001;Serviços  de alimentação;;;;;;;;;;
2405105;RODIZIO DE CARNES E MASSAS;24;Serviços de alimentação;56001;Serviços  de alimentação;;;;;;;;;;
2405106;RODIZIO DE SUSHIS;24;Serviços de alimentação;56001;Serviços  de alimentação;;;;;;;;;;
2405107;RODIZIO DE SOPAS;24;Serviços de alimentação;56001;Serviços  de alimentação;;;;;;;;;;
2405201;LEITE DE SOJA;24;Serviços de alimentação;56001;Serviços  de alimentação;;;;;;;;;;
2405301;YAKULT;24;Serviços de alimentação;56001;Serviços  de alimentação;;;;;;;;;;
2405401;COALHADA;24;Serviços de alimentação;56001;Serviços  de alimentação;;;;;;;;;;
2405501;MILK SHAKE;24;Serviços de alimentação;56001;Serviços  de alimentação;;;;;;;;;;
2405601;CALDO DE QUALQUER TIPO;24;Serviços de alimentação;56001;Serviços  de alimentação;;;;;;;;;;
2405602;CALDO DE CARNE;24;Serviços de alimentação;56001;Serviços  de alimentação;;;;;;;;;;
2405603;CALDO DE FEIJAO;24;Serviços de alimentação;56001;Serviços  de alimentação;;;;;;;;;;
2405604;CALDO DE MOCOTO;24;Serviços de alimentação;56001;Serviços  de alimentação;;;;;;;;;;
2405605;CALDO VERDE;24;Serviços de alimentação;56001;Serviços  de alimentação;;;;;;;;;;
2405606;CARURU;24;Serviços de alimentação;56001;Serviços  de alimentação;;;;;;;;;;
2405607;TACACA;24;Serviços de alimentação;56001;Serviços  de alimentação;;;;;;;;;;
2405608;VATAPA;24;Serviços de alimentação;56001;Serviços  de alimentação;;;;;;;;;;
2405701;SOPA DE QUALQUER TIPO;24;Serviços de alimentação;56001;Serviços  de alimentação;;;;;;;;;;
2405801;LANCHE;24;Serviços de alimentação;56001;Serviços  de alimentação;;;;;;;;;;
2405802;CAFE DA MANHA;24;Serviços de alimentação;56001;Serviços  de alimentação;;;;;;;;;;
2405803;SALGADO E SUCO;24;Serviços de alimentação;56001;Serviços  de alimentação;;;;;;;;;;
2405804;SALGADO E REFRIGERANTE;24;Serviços de alimentação;56001;Serviços  de alimentação;;;;;;;;;;
2405805;SALGADO E CERVEJA;24;Serviços de alimentação;56001;Serviços  de alimentação;;;;;;;;;;
2405806;SALGADO E REFRESCO;24;Serviços de alimentação;56001;Serviços  de alimentação;;;;;;;;;;
2405807;SALGADO E VITAMINA;24;Serviços de alimentação;56001;Serviços  de alimentação;;;;;;;;;;
2405808;SANDUICHE E SUCO;24;Serviços de alimentação;56001;Serviços  de alimentação;;;;;;;;;;
2405809;SANDUICHE E REFRIGERANTE;24;Serviços de alimentação;56001;Serviços  de alimentação;;;;;;;;;;
2405810;SANDUICHE E REFRESCO;24;Serviços de alimentação;56001;Serviços  de alimentação;;;;;;;;;;
2405811;SANDUICHE, SALGADO E REFRIGERANTE;24;Serviços de alimentação;56001;Serviços  de alimentação;;;;;;;;;;
2405812;SANDUICHE, BATATA FRITA E REFRIGERANTE;24;Serviços de alimentação;56001;Serviços  de alimentação;;;;;;;;;;
2405813;PORCAO E CERVEJA;24;Serviços de alimentação;56001;Serviços  de alimentação;;;;;;;;;;
2405814;BATATA FRITA E REFRIGERANTE;24;Serviços de alimentação;56001;Serviços  de alimentação;;;;;;;;;;
2405815;ACARAJE E REFRIGERANTE;24;Serviços de alimentação;56001;Serviços  de alimentação;;;;;;;;;;
2405816;BISCOITO E SUCO;24;Serviços de alimentação;56001;Serviços  de alimentação;;;;;;;;;;
2405817;BOLO E REFRIGERANTE;24;Serviços de alimentação;56001;Serviços  de alimentação;;;;;;;;;;
2405818;CAFE E PAO;24;Serviços de alimentação;56001;Serviços  de alimentação;;;;;;;;;;
2405819;CAFE E BOLO;24;Serviços de alimentação;56001;Serviços  de alimentação;;;;;;;;;;
2405820;CAFE E BISCOITO;24;Serviços de alimentação;56001;Serviços  de alimentação;;;;;;;;;;
2405821;CAFE E SALGADO;24;Serviços de alimentação;56001;Serviços  de alimentação;;;;;;;;;;
2405822;CAFE TIPO COLONIAL;24;Serviços de alimentação;56001;Serviços  de alimentação;;;;;;;;;;
2405901;REFRIGERANTE DE COLA DIET;24;Serviços de alimentação;56001;Serviços  de alimentação;;;;;;;;;;
2405902;COCA COLA DIET;24;Serviços de alimentação;56001;Serviços  de alimentação;;;;;;;;;;
2405903;PEPSI COLA DIET;24;Serviços de alimentação;56001;Serviços  de alimentação;;;;;;;;;;
2406001;REFRIGERANTE DE GUARANA DIET;24;Serviços de alimentação;56001;Serviços  de alimentação;;;;;;;;;;
2406002;GUARANA DIET;24;Serviços de alimentação;56001;Serviços  de alimentação;;;;;;;;;;
2406101;REFRIGERANTE DE LARANJA LIGHT;24;Serviços de alimentação;56001;Serviços  de alimentação;;;;;;;;;;
2406102;FANTA LARANJA LIGHT;24;Serviços de alimentação;56001;Serviços  de alimentação;;;;;;;;;;
2406103;SUKITA LIGHT;24;Serviços de alimentação;56001;Serviços  de alimentação;;;;;;;;;;
2406201;REFRIGERANTE DE LIMAO LIGHT;24;Serviços de alimentação;56001;Serviços  de alimentação;;;;;;;;;;
2406202;SODA LIMONADA LIGHT;24;Serviços de alimentação;56001;Serviços  de alimentação;;;;;;;;;;
2406301;REFRIGERANTE DE LIMAO DIET;24;Serviços de alimentação;56001;Serviços  de alimentação;;;;;;;;;;
2406302;SPRIT DIET;24;Serviços de alimentação;56001;Serviços  de alimentação;;;;;;;;;;
2406401;REFRIGERANTE DE UVA LIGHT;24;Serviços de alimentação;56001;Serviços  de alimentação;;;;;;;;;;
2406402;FANTA UVA LIGHT;24;Serviços de alimentação;56001;Serviços  de alimentação;;;;;;;;;;
2406501;AGUA TONICA DIET;24;Serviços de alimentação;56001;Serviços  de alimentação;;;;;;;;;;
2406601;CHA MATE DIET PREPARADO;24;Serviços de alimentação;56001;Serviços  de alimentação;;;;;;;;;;
2406701;SUCO DE FRUTA OU VEGETAL LIGHT;24;Serviços de alimentação;56001;Serviços  de alimentação;;;;;;;;;;
2406801;SUCO DE FRUTA OU VEGETAL DIET;24;Serviços de alimentação;56001;Serviços  de alimentação;;;;;;;;;;
2406901;SUCO DE FRUTA OU VEGETAL ORGANICO;24;Serviços de alimentação;56001;Serviços  de alimentação;;;;;;;;;;
2407001;CERVEJA LIGHT;24;Serviços de alimentação;56001;Serviços  de alimentação;;;;;;;;;;
2407101;CAFEZINHO ORGANICO;24;Serviços de alimentação;56001;Serviços  de alimentação;;;;;;;;;;
2407102;CAFE EXPRESSO ORGANICO;24;Serviços de alimentação;56001;Serviços  de alimentação;;;;;;;;;;
2407201;CAFE CAPUCCINO DIET;24;Serviços de alimentação;56001;Serviços  de alimentação;;;;;;;;;;
2407301;LEITE DE VACA ORGANICO;24;Serviços de alimentação;56001;Serviços  de alimentação;;;;;;;;;;
2407401;LEITE DE SOJA LIGHT;24;Serviços de alimentação;56001;Serviços  de alimentação;;;;;;;;;;
2407501;VINHO ORGANICO;24;Serviços de alimentação;56001;Serviços  de alimentação;;;;;;;;;;
2407601;AGUARDENTE ORGANICA;24;Serviços de alimentação;56001;Serviços  de alimentação;;;;;;;;;;
2407701;FRUTA ORGANICA;24;Serviços de alimentação;56001;Serviços  de alimentação;;;;;;;;;;
2407702;ACEROLA ORGANICA;24;Serviços de alimentação;56001;Serviços  de alimentação;;;;;;;;;;
2407703;UVA ORGANICA;24;Serviços de alimentação;56001;Serviços  de alimentação;;;;;;;;;;
2407704;MACA ORGANICA;24;Serviços de alimentação;56001;Serviços  de alimentação;;;;;;;;;;
2407705;PESSEGO ORGANICO;24;Serviços de alimentação;56001;Serviços  de alimentação;;;;;;;;;;
2407706;MORANGO ORGANICO;24;Serviços de alimentação;56001;Serviços  de alimentação;;;;;;;;;;
2407801;SORVETE LIGHT;24;Serviços de alimentação;56001;Serviços  de alimentação;;;;;;;;;;
2407802;PICOLE LIGHT;24;Serviços de alimentação;56001;Serviços  de alimentação;;;;;;;;;;
2407901;CHOCOLATE EM BARRA, TABLETE OU BOMBOM LIGHT;24;Serviços de alimentação;56001;Serviços  de alimentação;;;;;;;;;;
2407902;CHOCOLATE EM BARRA LIGHT;24;Serviços de alimentação;56001;Serviços  de alimentação;;;;;;;;;;
2407903;CHOCOLATE EM TABLETE LIGHT;24;Serviços de alimentação;56001;Serviços  de alimentação;;;;;;;;;;
2407904;BOMBOM LIGHT;24;Serviços de alimentação;56001;Serviços  de alimentação;;;;;;;;;;
2407905;OVO DE PASCOA LIGHT;24;Serviços de alimentação;56001;Serviços  de alimentação;;;;;;;;;;
2408001;CHOCOLATE EM BARRA, TABLETE OU BOMBOM DIET;24;Serviços de alimentação;56001;Serviços  de alimentação;;;;;;;;;;
2408002;CHOCOLATE EM BARRA DIET;24;Serviços de alimentação;56001;Serviços  de alimentação;;;;;;;;;;
2408003;CHOCOLATE EM TABLETE DIET;24;Serviços de alimentação;56001;Serviços  de alimentação;;;;;;;;;;
2408004;BOMBOM DIET;24;Serviços de alimentação;56001;Serviços  de alimentação;;;;;;;;;;
2408005;OVO DE PASCOA DIET;24;Serviços de alimentação;56001;Serviços  de alimentação;;;;;;;;;;
2408101;BISCOITO DOCE LIGHT;24;Serviços de alimentação;56001;Serviços  de alimentação;;;;;;;;;;
2408102;BOLACHA DOCE LIGHT;24;Serviços de alimentação;56001;Serviços  de alimentação;;;;;;;;;;
2408103;TORRADA DOCE LIGHT;24;Serviços de alimentação;56001;Serviços  de alimentação;;;;;;;;;;
2408201;BISCOITO DOCE DIET;24;Serviços de alimentação;56001;Serviços  de alimentação;;;;;;;;;;
2408202;BOLACHA DOCE DIET;24;Serviços de alimentação;56001;Serviços  de alimentação;;;;;;;;;;
2408203;TORRADA DOCE DIET;24;Serviços de alimentação;56001;Serviços  de alimentação;;;;;;;;;;
2408301;BISCOITO SALGADO LIGHT;24;Serviços de alimentação;56001;Serviços  de alimentação;;;;;;;;;;
2408302;BOLACHA SALGADA LIGHT;24;Serviços de alimentação;56001;Serviços  de alimentação;;;;;;;;;;
2408303;TORRADA SALGADA LIGHT;24;Serviços de alimentação;56001;Serviços  de alimentação;;;;;;;;;;
2408401;BALA OU CHICLETE LIGHT;24;Serviços de alimentação;56001;Serviços  de alimentação;;;;;;;;;;
2408402;BALA LIGHT;24;Serviços de alimentação;56001;Serviços  de alimentação;;;;;;;;;;
2408403;CHICLETE LIGHT;24;Serviços de alimentação;56001;Serviços  de alimentação;;;;;;;;;;
2408501;BALA OU CHICLETE DIET;24;Serviços de alimentação;56001;Serviços  de alimentação;;;;;;;;;;
2408502;BALA DIET;24;Serviços de alimentação;56001;Serviços  de alimentação;;;;;;;;;;
2408503;CHICLETE DIET;24;Serviços de alimentação;56001;Serviços  de alimentação;;;;;;;;;;
2408601;IOGURTE LIGHT;24;Serviços de alimentação;56001;Serviços  de alimentação;;;;;;;;;;
2408701;IOGURTE DIET;24;Serviços de alimentação;56001;Serviços  de alimentação;;;;;;;;;;
2408801;COALHADA LIGHT;24;Serviços de alimentação;56001;Serviços  de alimentação;;;;;;;;;;
2408901;SALGADO OU TIRA GOSTO LIGHT;24;Serviços de alimentação;56001;Serviços  de alimentação;;;;;;;;;;
2408902;PIZZA EM FATIA LIGHT;24;Serviços de alimentação;56001;Serviços  de alimentação;;;;;;;;;;
2408903;PAO DE QUEIJO LIGHT;24;Serviços de alimentação;56001;Serviços  de alimentação;;;;;;;;;;
2408904;ROSCA SALGADA LIGHT;24;Serviços de alimentação;56001;Serviços  de alimentação;;;;;;;;;;
2408905;QUEIJO POLENGUINHO LIGHT;24;Serviços de alimentação;56001;Serviços  de alimentação;;;;;;;;;;
2408906;PORCAO DE QUEIJO LIGHT;24;Serviços de alimentação;56001;Serviços  de alimentação;;;;;;;;;;
2408907;TORTA SALGADA LIGHT;24;Serviços de alimentação;56001;Serviços  de alimentação;;;;;;;;;;
2409001;PORCAO DE QUEIJO DE MINAS FRESCAL ORGANICO;24;Serviços de alimentação;56001;Serviços  de alimentação;;;;;;;;;;
2409101;PAO LIGHT COM OU SEM MANTEIGA;24;Serviços de alimentação;56001;Serviços  de alimentação;;;;;;;;;;
2409201;PAO DIET COM OU SEM MANTEIGA;24;Serviços de alimentação;56001;Serviços  de alimentação;;;;;;;;;;
2409301;MILK SHAKE DIET;24;Serviços de alimentação;56001;Serviços  de alimentação;;;;;;;;;;
2409401;DOCE OU BOLO LIGHT;24;Serviços de alimentação;56001;Serviços  de alimentação;;;;;;;;;;
2409402;DOCE LIGHT;24;Serviços de alimentação;56001;Serviços  de alimentação;;;;;;;;;;
2409403;BOLO LIGHT;24;Serviços de alimentação;56001;Serviços  de alimentação;;;;;;;;;;
2409404;TORTA DOCE LIGHT;24;Serviços de alimentação;56001;Serviços  de alimentação;;;;;;;;;;
2409405;GELATINA LIGHT;24;Serviços de alimentação;56001;Serviços  de alimentação;;;;;;;;;;
2409406;DOCE DE FRUTA EM CALDA LIGHT;24;Serviços de alimentação;56001;Serviços  de alimentação;;;;;;;;;;
2409407;DOCE DE FRUTA EM PASTA LIGHT;24;Serviços de alimentação;56001;Serviços  de alimentação;;;;;;;;;;
2409408;DOCE DE FRUTA CRISTALIZADO LIGHT;24;Serviços de alimentação;56001;Serviços  de alimentação;;;;;;;;;;
2409409;MANJAR LIGHT;24;Serviços de alimentação;56001;Serviços  de alimentação;;;;;;;;;;
2409410;ROSCA DOCE LIGHT;24;Serviços de alimentação;56001;Serviços  de alimentação;;;;;;;;;;
2409501;DOCE OU BOLO DIET;24;Serviços de alimentação;56001;Serviços  de alimentação;;;;;;;;;;
2409502;DOCE DIET;24;Serviços de alimentação;56001;Serviços  de alimentação;;;;;;;;;;
2409503;BOLO DIET;24;Serviços de alimentação;56001;Serviços  de alimentação;;;;;;;;;;
2409504;COCADA DIET;24;Serviços de alimentação;56001;Serviços  de alimentação;;;;;;;;;;
2409505;BRIGADEIRO DIET;24;Serviços de alimentação;56001;Serviços  de alimentação;;;;;;;;;;
2409506;MARIA MOLE DIET;24;Serviços de alimentação;56001;Serviços  de alimentação;;;;;;;;;;
2409507;DOCE DE FRUTA EM CALDA DIET;24;Serviços de alimentação;56001;Serviços  de alimentação;;;;;;;;;;
2409508;DOCE DE FRUTA EM PASTA DIET;24;Serviços de alimentação;56001;Serviços  de alimentação;;;;;;;;;;
2409509;DOCE DE FRUTA CRISTALIZADO DIET;24;Serviços de alimentação;56001;Serviços  de alimentação;;;;;;;;;;
2409510;PUDIM DIET;24;Serviços de alimentação;56001;Serviços  de alimentação;;;;;;;;;;
2409511;BARRA DE CEREAIS DIET;24;Serviços de alimentação;56001;Serviços  de alimentação;;;;;;;;;;
2409512;TORTA DOCE DIET;24;Serviços de alimentação;56001;Serviços  de alimentação;;;;;;;;;;
2409513;ROSCA DOCE DIET;24;Serviços de alimentação;56001;Serviços  de alimentação;;;;;;;;;;
2409601;ALMOCO OU JANTAR (NAO ESPECIFICADO);24;Serviços de alimentação;56001;Serviços  de alimentação;;;;;;;;;;
2409701;MERENDA ESCOLAR;24;Serviços de alimentação;56001;Serviços  de alimentação;;;;;;;;;;
2409801;REFRIGERANTE NAO ESPECIFICADO;24;Serviços de alimentação;56001;Serviços  de alimentação;;;;;;;;;;
2409901;BISCOITO NAO ESPECIFICADO;24;Serviços de alimentação;56001;Serviços  de alimentação;;;;;;;;;;
2409902;BOLACHA NAO ESPECIFICADA;24;Serviços de alimentação;56001;Serviços  de alimentação;;;;;;;;;;
2410001;TAPIOCA NAO ESPECIFICADA;24;Serviços de alimentação;56001;Serviços  de alimentação;;;;;;;;;;
2410101;BEBIDA ALCOOLICA NAO ESPECIFICADA;24;Serviços de alimentação;56001;Serviços  de alimentação;;;;;;;;;;
2410201;CHIMARRAO;24;Serviços de alimentação;56001;Serviços  de alimentação;;;;;;;;;;
2410301;TERERE;24;Serviços de alimentação;56001;Serviços  de alimentação;;;;;;;;;;
2410401;REFRIGERANTE DE ABACAXI;24;Serviços de alimentação;56001;Serviços  de alimentação;;;;;;;;;;
2410501;REFRIGERANTE DE CAJU;24;Serviços de alimentação;56001;Serviços  de alimentação;;;;;;;;;;
2410601;PIPOCA NAO ESPECIFICADA;24;Serviços de alimentação;56001;Serviços  de alimentação;;;;;;;;;;
2410701;REFRIGERANTE DE CAJU LIGHT;24;Serviços de alimentação;56001;Serviços  de alimentação;;;;;;;;;;
2410801;REFRIGERANTE DE MARACUJA;24;Serviços de alimentação;56001;Serviços  de alimentação;;;;;;;;;;
2410901;REFRIGERANTE DE TUTTI FRUTI;24;Serviços de alimentação;56001;Serviços  de alimentação;;;;;;;;;;
2411001;BEBIDA NAO ESPECIFICADA;24;Serviços de alimentação;56001;Serviços  de alimentação;;;;;;;;;;
2411101;CHAMPAGNE;24;Serviços de alimentação;56001;Serviços  de alimentação;;;;;;;;;;
2411201;COQUETEL DE FRUTAS ALCOOLICO;24;Serviços de alimentação;56001;Serviços  de alimentação;;;;;;;;;;
2411301;BATIDA DE QUALQUER SABOR (ALCOOLICA);24;Serviços de alimentação;56001;Serviços  de alimentação;;;;;;;;;;
2411401;GUARANA NATURAL;24;Serviços de alimentação;56001;Serviços  de alimentação;;;;;;;;;;
2411402;GUARAVITA;24;Serviços de alimentação;56001;Serviços  de alimentação;;;;;;;;;;
2411501;CAFE COM SORVETE;24;Serviços de alimentação;56001;Serviços  de alimentação;;;;;;;;;;
2411601;CATUABA;24;Serviços de alimentação;56001;Serviços  de alimentação;;;;;;;;;;
2411701;PINHAO;24;Serviços de alimentação;56001;Serviços  de alimentação;;;;;;;;;;
2411801;RUM;24;Serviços de alimentação;56001;Serviços  de alimentação;;;;;;;;;;
2411901;SHAKE PARA EMAGRECER;24;Serviços de alimentação;56001;Serviços  de alimentação;;;;;;;;;;
2412001;BARRA DE PROTEINA (QUALQUER SABOR);24;Serviços de alimentação;56001;Serviços  de alimentação;;;;;;;;;;
2412101;CHIA;24;Serviços de alimentação;56001;Serviços  de alimentação;;;;;;;;;;
2412201;REFRIGERANTE DE MATE-GUARANA;24;Serviços de alimentação;56001;Serviços  de alimentação;;;;;;;;;;
2412301;NIBIS DE CACAU;24;Serviços de alimentação;56001;Serviços  de alimentação;;;;;;;;;;
2412401;SUCRILHOS;24;Serviços de alimentação;56001;Serviços  de alimentação;;;;;;;;;;
2412402;FARINHA LACTEA;24;Serviços de alimentação;56001;Serviços  de alimentação;;;;;;;;;;
2412501;QUENTAO;24;Serviços de alimentação;56001;Serviços  de alimentação;;;;;;;;;;
2412601;LICOR;24;Serviços de alimentação;56001;Serviços  de alimentação;;;;;;;;;;
2412701;CASTANHA DE PEQUI;24;Serviços de alimentação;56001;Serviços  de alimentação;;;;;;;;;;
2412801;REFRIGERANTE DE FRAMBOESA;24;Serviços de alimentação;56001;Serviços  de alimentação;;;;;;;;;;
2499901;AGREGADO;24;Serviços de alimentação;56001;Serviços  de alimentação;;;;;;;;;;
2803901;HOTEL (EXCETO VIAGEM ESPORADICA);28;Serviços de alojamento;55001;Serviços de alojamento em hotéis e similares;;;;;;;;;;
2801901;MOTEL (EXCETO VIAGEM ESPORADICA);28;Serviços de alojamento;55001;Serviços de alojamento em hotéis e similares;;;;;;;;;;
2301001;AVIAO;23;Transporte aéreo;51001;Transporte aéreo;;;;;;;;;;
2300901;TRANSPORTE AQUAVIARIO (BARCA, BALSA, NAVIO, ETC.);23;Transporte aquaviário;50001;Transporte aquaviário;;;;;;;;;;
2300902;BARCA;23;Transporte aquaviário;50001;Transporte aquaviário;;;;;;;;;;
2300903;BARCO;23;Transporte aquaviário;50001;Transporte aquaviário;;;;;;;;;;
2300904;BALSA;23;Transporte aquaviário;50001;Transporte aquaviário;;;;;;;;;;
2300905;NAVIO;23;Transporte aquaviário;50001;Transporte aquaviário;;;;;;;;;;
2300906;FERRY-BOAT;23;Transporte aquaviário;50001;Transporte aquaviário;;;;;;;;;;
2300907;AEROBARCO;23;Transporte aquaviário;50001;Transporte aquaviário;;;;;;;;;;
2300908;CATAMARA;23;Transporte aquaviário;50001;Transporte aquaviário;;;;;;;;;;
2300909;CATRAIA;23;Transporte aquaviário;50001;Transporte aquaviário;;;;;;;;;;
2300910;CANOA;23;Transporte aquaviário;50001;Transporte aquaviário;;;;;;;;;;
2300911;CANOA MOTORIZADA;23;Transporte aquaviário;50001;Transporte aquaviário;;;;;;;;;;
2300912;BOTE;23;Transporte aquaviário;50001;Transporte aquaviário;;;;;;;;;;
2301101;INTEGRACAO TREM-METRO;23;Transporte ferroviário e metroferroviário;49002;Transporte terrestre de passageiros;;;;;;;;;;
2300701;METRO;23;Transporte ferroviário e metroferroviário;49002;Transporte terrestre de passageiros;;;;;;;;;;
2300801;TREM;23;Transporte ferroviário e metroferroviário;49002;Transporte terrestre de passageiros;;;;;;;;;;
2300101;ONIBUS URBANO;23;Transporte rodoviário de passageiros;49002;Transporte terrestre de passageiros;;;;;;;;;;
2300201;ONIBUS INTERMUNICIPAL;23;Transporte rodoviário de passageiros;49002;Transporte terrestre de passageiros;;;;;;;;;;
2300301;ONIBUS INTERESTADUAL;23;Transporte rodoviário de passageiros;49002;Transporte terrestre de passageiros;;;;;;;;;;
2300401;TRANSPORTE ALTERNATIVO (VAN, KOMBI, LOTADA, ETC.);23;Transporte rodoviário de passageiros;49002;Transporte terrestre de passageiros;;;;;;;;;;
2300402;VAN;23;Transporte rodoviário de passageiros;49002;Transporte terrestre de passageiros;;;;;;;;;;
2300403;KOMBI;23;Transporte rodoviário de passageiros;49002;Transporte terrestre de passageiros;;;;;;;;;;
2300404;LOTADA;23;Transporte rodoviário de passageiros;49002;Transporte terrestre de passageiros;;;;;;;;;;
2300405;CAMINHAO;23;Transporte rodoviário de passageiros;49002;Transporte terrestre de passageiros;;;;;;;;;;
2300406;CAMIONETE;23;Transporte rodoviário de passageiros;49002;Transporte terrestre de passageiros;;;;;;;;;;
2300407;CARONA EM AUTOMOVEL;23;Transporte rodoviário de passageiros;49002;Transporte terrestre de passageiros;;;;;;;;;;
2300408;TRATOR;23;Transporte rodoviário de passageiros;49002;Transporte terrestre de passageiros;;;;;;;;;;
2300409;CARONA EM MOTO;23;Transporte rodoviário de passageiros;49002;Transporte terrestre de passageiros;;;;;;;;;;
2300501;TAXI;23;Transporte rodoviário de passageiros;49002;Transporte terrestre de passageiros;;;;;;;;;;
2300502;AUTOMOVEL DE ALUGUEL (TAXI);23;Transporte rodoviário de passageiros;49002;Transporte terrestre de passageiros;;;;;;;;;;
2300601;MOTO-TAXI;23;Transporte rodoviário de passageiros;49002;Transporte terrestre de passageiros;;;;;;;;;;
2300602;TAXI-MOTO;23;Transporte rodoviário de passageiros;49002;Transporte terrestre de passageiros;;;;;;;;;;
